CANMORE ID,SITE NUMBER,SITE NAME,SITE TYPE,SITE EASTING,k,COUNCIL,COUNTY,PARISH,NGR,URL
2327,HY40NE 13,Heathery Howes,Enclosure (Period Unassigned),346410,1006300,ORKNEY ISLANDS,ORKNEY,KIRKWALL AND ST OLA,HY 4641 0630,http://canmore.org.uk/site/2327
2334,HY40NE 2,Tower Hill,"Cist (Period Unassigned), Mound(S) (Period Unassigned)",346300,1009500,ORKNEY ISLANDS,ORKNEY,KIRKWALL AND ST OLA,HY 463 095,http://canmore.org.uk/site/2334
2341,HY40NE 3,'sir Hugh's Seat',Cairn (Period Unassigned),345420,1006000,ORKNEY ISLANDS,ORKNEY,KIRKWALL AND ST OLA,HY 4542 0600,http://canmore.org.uk/site/2341
2343,HY40NE 5,Hillocks Of Garth,"Building(S) (Period Unassigned), Mound(S) (Period Unassigned), Nissen Hut (20th Century)",346780,1007800,ORKNEY ISLANDS,ORKNEY,KIRKWALL AND ST OLA,HY 4678 0780,http://canmore.org.uk/site/2343
2347,HY40NE 9,'grimsquoy',"Burnt Mound (Prehistoric)(Possible), Mound(S) (Period Unassigned)",347290,1008460,ORKNEY ISLANDS,ORKNEY,KIRKWALL AND ST OLA,HY 4729 0846,http://canmore.org.uk/site/2347
2348,HY40NW 1,Broch Of Lingro,"Broch (Iron Age)(Possible), Coin(S) (Roman)",343450,1008780,ORKNEY ISLANDS,ORKNEY,KIRKWALL AND ST OLA,HY 4345 0878,http://canmore.org.uk/site/2348
2350,HY40NW 11,"Kirkwall, Hillhead House",Carved Stone (Period Unassigned),344800,1008400,ORKNEY ISLANDS,ORKNEY,KIRKWALL AND ST OLA,HY 448 084,http://canmore.org.uk/site/2350
2351,HY40NW 12,"Kirkwall, Hillhead House","Well (Period Unassigned), Carved Stone Ball",344730,1008660,ORKNEY ISLANDS,ORKNEY,KIRKWALL AND ST OLA,HY 4473 0866,http://canmore.org.uk/site/2351
2352,HY40NW 13,Hillhead,Carved Stone Ball(S),344000,1008000,ORKNEY ISLANDS,ORKNEY,KIRKWALL AND ST OLA,HY 44 08,http://canmore.org.uk/site/2352
2354,HY40NW 2,Tofts Farm,Broch (Iron Age),343640,1009360,ORKNEY ISLANDS,ORKNEY,KIRKWALL AND ST OLA,HY 4364 0936,http://canmore.org.uk/site/2354
2355,HY40NW 3,Crantit,Cist(S) (Period Unassigned),343850,1009680,ORKNEY ISLANDS,ORKNEY,KIRKWALL AND ST OLA,HY 4385 0968,http://canmore.org.uk/site/2355
2356,HY40NW 4,'newbigging',"Barrow (Prehistoric), Cist(S) (Period Unassigned)",343450,1009830,ORKNEY ISLANDS,ORKNEY,KIRKWALL AND ST OLA,HY 4345 0983,http://canmore.org.uk/site/2356
2357,HY40NW 5,Crantit,Souterrain (Prehistoric),344000,1009000,ORKNEY ISLANDS,ORKNEY,KIRKWALL AND ST OLA,HY 44 09,http://canmore.org.uk/site/2357
2358,HY40NW 6,Hillhead,"Enclosure (Period Unassigned), Carved Stone Ball",344720,1008550,ORKNEY ISLANDS,ORKNEY,KIRKWALL AND ST OLA,HY 4472 0855,http://canmore.org.uk/site/2358
2359,HY40NW 7,Orquil Farm,Souterrain (Prehistoric),342800,1009700,ORKNEY ISLANDS,ORKNEY,KIRKWALL AND ST OLA,HY 428 097,http://canmore.org.uk/site/2359
2361,HY40NW 9,Foveran,Cist (Period Unassigned),342060,1008010,ORKNEY ISLANDS,ORKNEY,KIRKWALL AND ST OLA,HY 4206 0801,http://canmore.org.uk/site/2361
2431,HY41SE 1,Head Of Work,Chambered Cairn (Neolithic),348340,1013820,ORKNEY ISLANDS,ORKNEY,KIRKWALL AND ST OLA,HY 4834 1382,http://canmore.org.uk/site/2431
2432,HY41SE 10,Berstane,Cinerary Urn (Steatite),346900,1010100,ORKNEY ISLANDS,ORKNEY,KIRKWALL AND ST OLA,HY 469 101,http://canmore.org.uk/site/2432
2433,HY41SE 11,Quoybanks,"Structure (Period Unassigned), Hair Pin (Bronze)",345100,1010100,ORKNEY ISLANDS,ORKNEY,KIRKWALL AND ST OLA,HY 451 101,http://canmore.org.uk/site/2433
2434,HY41SE 12,Head Of Holland,Chapel (Period Unassigned),347950,1011710,ORKNEY ISLANDS,ORKNEY,KIRKWALL AND ST OLA,HY 4795 1171,http://canmore.org.uk/site/2434
2435,HY41SE 13,Holland,Barrow(S) (Prehistoric),347700,1011100,ORKNEY ISLANDS,ORKNEY,KIRKWALL AND ST OLA,HY 477 111,http://canmore.org.uk/site/2435
2436,HY41SE 14,Kirkwall,Stone Ball (Stone),345000,1010000,ORKNEY ISLANDS,ORKNEY,KIRKWALL AND ST OLA,HY 45 10,http://canmore.org.uk/site/2436
2437,HY41SE 15,Cleat,Cist (Period Unassigned),346980,1011750,ORKNEY ISLANDS,ORKNEY,KIRKWALL AND ST OLA,HY 4698 1175,http://canmore.org.uk/site/2437
2442,HY41SE 2,Work,"Broch (Iron Age)(Possible), Structure (Period Unassigned), Quern(S), Unidentified Pottery (Iron Age)",347470,1013500,ORKNEY ISLANDS,ORKNEY,KIRKWALL AND ST OLA,HY 4747 1350,http://canmore.org.uk/site/2442
2324,HY40NE 10,Hillock Of Garth,Cairn (Period Unassigned),347040,1006790,ORKNEY ISLANDS,ORKNEY,KIRKWALL AND ST OLA,HY 4704 0679,http://canmore.org.uk/site/2324
2325,HY40NE 11,Garth,Enclosure (Period Unassigned),346290,1007250,ORKNEY ISLANDS,ORKNEY,KIRKWALL AND ST OLA,HY 4629 0725,http://canmore.org.uk/site/2325
2326,HY40NE 12,Garth,Mound (Period Unassigned),346530,1006800,ORKNEY ISLANDS,ORKNEY,KIRKWALL AND ST OLA,HY 4653 0680,http://canmore.org.uk/site/2326
2447,HY41SE 24,Holland,Souterrain (Prehistoric),347720,1011380,ORKNEY ISLANDS,ORKNEY,KIRKWALL AND ST OLA,HY 4772 1138,http://canmore.org.uk/site/2447
2464,HY41SE 4,Head Of Holland,Site (Period Unassigned),348970,1012330,ORKNEY ISLANDS,ORKNEY,KIRKWALL AND ST OLA,HY 4897 1233,http://canmore.org.uk/site/2464
2478,HY41SE 6,Berstane,Broch (Iron Age),347520,1010020,ORKNEY ISLANDS,ORKNEY,KIRKWALL AND ST OLA,HY 4752 1002,http://canmore.org.uk/site/2478
2479,HY41SE 7,"Kirkwall, St Ola's Bridge","Bridge (Period Unassigned), Date Stone (17th Century)",345020,1011120,ORKNEY ISLANDS,ORKNEY,KIRKWALL AND ST OLA,HY 4502 1112,http://canmore.org.uk/site/2479
2596,HY41SW 8,Newbigging,Cist (Period Unassigned),343000,1010000,ORKNEY ISLANDS,ORKNEY,KIRKWALL AND ST OLA,HY 43 10,http://canmore.org.uk/site/2596
2480,HY41SE 80,"Kirkwall, St Ola's Church And Burial-ground","Burial Ground (Period Unassigned), Church (16th Century)",345040,1011160,ORKNEY ISLANDS,ORKNEY,KIRKWALL AND ST OLA,HY 4504 1116,http://canmore.org.uk/site/2480
2481,HY41SE 81,"Kirkwall, St Ola's Church",Hogback Stone (Early Medieval),345000,1011100,ORKNEY ISLANDS,ORKNEY,KIRKWALL AND ST OLA,HY 450 111,http://canmore.org.uk/site/2481
2482,HY41SE 9,"Kirkwall, 'graveyard'",Burial Ground (Period Unassigned)(Possible),345060,1011150,ORKNEY ISLANDS,ORKNEY,KIRKWALL AND ST OLA,HY 4506 1115,http://canmore.org.uk/site/2482
2607,HY41SW 9,Caldale,"Findspot (18th Century), Brooch(S), Coin Hoard",341000,1010000,ORKNEY ISLANDS,ORKNEY,KIRKWALL AND ST OLA,HY 41 10,http://canmore.org.uk/site/2607
2483,HY41SW 1,Wideford Hill,Chambered Cairn (Neolithic),340900,1012110,ORKNEY ISLANDS,ORKNEY,KIRKWALL AND ST OLA,HY 4090 1211,http://canmore.org.uk/site/2483
2485,HY41SW 101,"Kirkwall, St Magnus Cathedral",Hogback Stone (Early Medieval),344940,1010870,ORKNEY ISLANDS,ORKNEY,KIRKWALL AND ST OLA,HY 4494 1087,http://canmore.org.uk/site/2485
2518,HY41SW 13,Pickaquoy,"Burnt Mound (Prehistoric), Cup And Ring Marked Stone (Prehistoric)",344070,1011160,ORKNEY ISLANDS,ORKNEY,KIRKWALL AND ST OLA,HY 4407 1116,http://canmore.org.uk/site/2518
2521,HY41SW 133,"Kirkwall, Broad Street","Human Remains (Period Unassigned), Settlement (Period Unassigned)",344900,1010800,ORKNEY ISLANDS,ORKNEY,KIRKWALL AND ST OLA,HY 449 108,http://canmore.org.uk/site/2521
2522,HY41SW 14,"Kirkwall, St Magnus Cathedral",Coin (Roman),344900,1010860,ORKNEY ISLANDS,ORKNEY,KIRKWALL AND ST OLA,HY 4490 1086,http://canmore.org.uk/site/2522
2523,HY41SW 15,"Kirkwall, Town Cross",Market Cross (17th Century),344890,1010890,ORKNEY ISLANDS,ORKNEY,KIRKWALL AND ST OLA,HY 4489 1089,http://canmore.org.uk/site/2523
2524,HY41SW 16,"Kirkwall, Palace Street, Grammar School",School (Period Unassigned),344890,1010900,ORKNEY ISLANDS,ORKNEY,KIRKWALL AND ST OLA,HY 4489 1090,http://canmore.org.uk/site/2524
2525,HY41SW 17,"Kirkwall, Castle",Castle (Medieval),344890,1010970,ORKNEY ISLANDS,ORKNEY,KIRKWALL AND ST OLA,HY 4489 1097,http://canmore.org.uk/site/2525
2526,HY41SW 18,"Kirkwall, Bishops Palace","Brooch (Roman), Finger Ring",344000,1010000,ORKNEY ISLANDS,ORKNEY,KIRKWALL AND ST OLA,HY 44 10,http://canmore.org.uk/site/2526
2527,HY41SW 19,Grainbank,Souterrain (Prehistoric),344130,1011610,ORKNEY ISLANDS,ORKNEY,KIRKWALL AND ST OLA,HY 4413 1161,http://canmore.org.uk/site/2527
2528,HY41SW 2,Saverock,"Cist(S) (Period Unassigned), Hammer, Hammerstone(S), Vessel (Clay)",342700,1012600,ORKNEY ISLANDS,ORKNEY,KIRKWALL AND ST OLA,HY 427 126,http://canmore.org.uk/site/2528
2529,HY41SW 20,"St Duthac's Chapel, Pickaquoy",Chapel (Period Unassigned),344200,1011000,ORKNEY ISLANDS,ORKNEY,KIRKWALL AND ST OLA,HY 442 110,http://canmore.org.uk/site/2529
2530,HY41SW 21,Wideford Hill,"Mound(S) (Period Unassigned), Axehead (Stone), Pestle (Possible)",341000,1011000,ORKNEY ISLANDS,ORKNEY,KIRKWALL AND ST OLA,HY 41 11,http://canmore.org.uk/site/2530
2532,HY41SW 221,"Kirkwall, Tankerness House",Pictish Symbol Stone (Pictish),344840,1010860,ORKNEY ISLANDS,ORKNEY,KIRKWALL AND ST OLA,HY 4484 1086,http://canmore.org.uk/site/2532
2533,HY41SW 222,"Kirkwall, Tankerness House",Pictish Symbol Stone (Pictish),344840,1010860,ORKNEY ISLANDS,ORKNEY,KIRKWALL AND ST OLA,HY 4484 1086,http://canmore.org.uk/site/2533
2534,HY41SW 23,St Ola Parish,Bead (Viking),344000,1010000,ORKNEY ISLANDS,ORKNEY,KIRKWALL AND ST OLA,HY 44 10,http://canmore.org.uk/site/2534
2535,HY41SW 24,Hatston,"Souterrain (Prehistoric), Structure(S) (Period Unassigned)",344120,1011620,ORKNEY ISLANDS,ORKNEY,KIRKWALL AND ST OLA,HY 4412 1162,http://canmore.org.uk/site/2535
2541,HY41SW 3,Hatston,Souterrain (Prehistoric),343620,1012380,ORKNEY ISLANDS,ORKNEY,KIRKWALL AND ST OLA,HY 4362 1238,http://canmore.org.uk/site/2541
2552,HY41SW 4,Quanterness,"Chambered Cairn (Neolithic), Hut Circle (Prehistoric), Roundhouse (Iron Age)",341770,1012920,ORKNEY ISLANDS,ORKNEY,KIRKWALL AND ST OLA,HY 4177 1292,http://canmore.org.uk/site/2552
2553,HY41SW 40,Kirkwall,Sea Defences (Period Unassigned),344800,1011100,ORKNEY ISLANDS,ORKNEY,KIRKWALL AND ST OLA,HY 448 111,http://canmore.org.uk/site/2553
2554,HY41SW 41,"Watergate, Kirkwall",Cellar (Period Unassigned),344930,1010720,ORKNEY ISLANDS,ORKNEY,KIRKWALL AND ST OLA,HY 4493 1072,http://canmore.org.uk/site/2554
2555,HY41SW 42,Cancelled,No Class,,,ORKNEY ISLANDS,ORKNEY,KIRKWALL AND ST OLA,HY  ,http://canmore.org.uk/site/2555
2557,HY41SW 441,Kirkwall Gasworks,No Class (Event),344810,1010960,ORKNEY ISLANDS,ORKNEY,KIRKWALL AND ST OLA,HY 4481 1096,http://canmore.org.uk/site/2557
2558,HY41SW 45,"Kirkwall, Harbour Street, St Ola Hotel",Inscribed Stone(S) (Period Unknown),344960,1011210,ORKNEY ISLANDS,ORKNEY,KIRKWALL AND ST OLA,HY 4496 1121,http://canmore.org.uk/site/2558
2560,HY41SW 47,Wideford Hill,"Unidentified Flint(S) (Flint), Unidentified Pottery",340700,1012600,ORKNEY ISLANDS,ORKNEY,KIRKWALL AND ST OLA,HY 407 126,http://canmore.org.uk/site/2560
2563,HY41SW 5,Saverock,Souterrain (Prehistoric),343680,1012960,ORKNEY ISLANDS,ORKNEY,KIRKWALL AND ST OLA,HY 4368 1296,http://canmore.org.uk/site/2563
2564,HY41SW 50,Kirkwall,"Midden(S) (Period Unassigned), Sea Defences (Period Unassigned), Structure(S) (Period Unassigned)",344000,1011000,ORKNEY ISLANDS,ORKNEY,KIRKWALL AND ST OLA,HY 44 11,http://canmore.org.uk/site/2564
2565,HY41SW 51,Cancelled,No Class,,,ORKNEY ISLANDS,ORKNEY,KIRKWALL AND ST OLA,HY  ,http://canmore.org.uk/site/2565
2574,HY41SW 6,Saverock,Burnt Mound (Prehistoric),343480,1012800,ORKNEY ISLANDS,ORKNEY,KIRKWALL AND ST OLA,HY 4348 1280,http://canmore.org.uk/site/2574
2578,HY41SW 63,Cancelled,No Class,,,ORKNEY ISLANDS,ORKNEY,KIRKWALL AND ST OLA,HY  ,http://canmore.org.uk/site/2578
2585,HY41SW 7,Saverock,Cairn (Period Unassigned),343000,1012900,ORKNEY ISLANDS,ORKNEY,KIRKWALL AND ST OLA,HY 430 129,http://canmore.org.uk/site/2585
69494,HY41SW 134,Wideford Hill,Unidentified Flint(S) (Flint),341000,1011000,ORKNEY ISLANDS,ORKNEY,KIRKWALL AND ST OLA,HY 41 11,http://canmore.org.uk/site/69494
81647,HY40NW 15,"Kikrwall, New Scapa Road, Pillbox",Pillbox (20th Century),344820,1009810,ORKNEY ISLANDS,ORKNEY,KIRKWALL AND ST OLA,HY 4482 0981,http://canmore.org.uk/site/81647
81785,HY40NE 293,"Kikrwall, Heatheryquoy, Anti Invasion Stop Line",Pillbox (20th Century),347120,1008515,ORKNEY ISLANDS,ORKNEY,KIRKWALL AND ST OLA,HY 47120 08515,http://canmore.org.uk/site/81785
81788,HY40NW 160,Upper Berryhill,"Anti Aircraft Battery (20th Century), Radar Site (20th Century)",341237,1008495,ORKNEY ISLANDS,ORKNEY,KIRKWALL AND ST OLA,HY 41237 08495,http://canmore.org.uk/site/81788
105918,HY41SW 138,"Kirkwall, Glaitness Road",Radio Station (20th Century),344065,1010554,ORKNEY ISLANDS,ORKNEY,KIRKWALL AND ST OLA,HY 44065 10554,http://canmore.org.uk/site/105918
105922,HY41SE 55,Kirkwall,Radio Station (20th Century),345400,1010000,ORKNEY ISLANDS,ORKNEY,KIRKWALL AND ST OLA,HY 454 100,http://canmore.org.uk/site/105922
105633,HY40NE 31,Gleneagles,Gun Emplacement (20th Century),349100,1007050,ORKNEY ISLANDS,ORKNEY,KIRKWALL AND ST OLA,HY 4910 0705,http://canmore.org.uk/site/105633
105634,HY41SW 1370,Quanterness Battery,Anti Aircraft Battery (20th Century),342100,1013180,ORKNEY ISLANDS,ORKNEY,KIRKWALL AND ST OLA,HY 4210 1318,http://canmore.org.uk/site/105634
105635,HY41SE 54,Car Ness,Anti Aircraft Battery (20th Century),346600,1014380,ORKNEY ISLANDS,ORKNEY,KIRKWALL AND ST OLA,HY 4660 1438,http://canmore.org.uk/site/105635
105914,HY40NE 32,Wideford Aerodrome,Airfield (20th Century),345800,1008500,ORKNEY ISLANDS,ORKNEY,KIRKWALL AND ST OLA,HY 458 085,http://canmore.org.uk/site/105914
105915,HY40NE 33,Mayfield Cottage,Radio Station (20th Century),345250,1008850,ORKNEY ISLANDS,ORKNEY,KIRKWALL AND ST OLA,HY 4525 0885,http://canmore.org.uk/site/105915
110556,HY41SW 139,"Kirkwall, Mounthoolie Lane",No Class (Event),344900,1011000,ORKNEY ISLANDS,ORKNEY,KIRKWALL AND ST OLA,HY 449 110,http://canmore.org.uk/site/110556
110559,HY41SW 140,"Kirkwall, 57 Albert Street",No Class (Event),344900,1011000,ORKNEY ISLANDS,ORKNEY,KIRKWALL AND ST OLA,HY 449 110,http://canmore.org.uk/site/110559
110560,HY41SW 141,"Kirkwall, Gunn's Close",No Class (Event),344700,1010600,ORKNEY ISLANDS,ORKNEY,KIRKWALL AND ST OLA,HY 447 106,http://canmore.org.uk/site/110560
110926,HY41SW 541,"Kirikwall, The Strynd",No Class (Event),344900,1010900,ORKNEY ISLANDS,ORKNEY,KIRKWALL AND ST OLA,HY 449 109,http://canmore.org.uk/site/110926
110940,HY41SW 223,"Kirkwall, Tankerness House",No Class (Event),344840,1010860,ORKNEY ISLANDS,ORKNEY,KIRKWALL AND ST OLA,HY 4484 1086,http://canmore.org.uk/site/110940
112797,HY41SW 146,"Walliwall Quarry, Market Stance",Military Camp (20th Century),342770,1010370,ORKNEY ISLANDS,ORKNEY,KIRKWALL AND ST OLA,HY 4277 1037,http://canmore.org.uk/site/112797
116735,HY41SW 132,'orkney',Logboat,,,ORKNEY ISLANDS,ORKNEY,KIRKWALL AND ST OLA,HY  ,http://canmore.org.uk/site/116735
119846,HY40NE 36,Oaklea,"Military Camp (20th Century), Radio Station (20th Century)",345442,1006172,ORKNEY ISLANDS,ORKNEY,KIRKWALL AND ST OLA,HY 45442 06172,http://canmore.org.uk/site/119846
128799,HY41SW 152,"Wideford Hill, Rifle Range",Firing Range (20th Century),341750,1011630,ORKNEY ISLANDS,ORKNEY,KIRKWALL AND ST OLA,HY 4175 1163,http://canmore.org.uk/site/128799
128800,HY41SW 153,Walliwall Quarry,Quarry (Period Unassigned),343290,1010380,ORKNEY ISLANDS,ORKNEY,KIRKWALL AND ST OLA,HY 4329 1038,http://canmore.org.uk/site/128800
129364,HY41SW 136,Cancelled,No Class,,,ORKNEY ISLANDS,ORKNEY,KIRKWALL AND ST OLA,HY  ,http://canmore.org.uk/site/129364
134216,HY41SW 154,Crossiecrown,Settlement (Period Unassigned),342300,1013700,ORKNEY ISLANDS,ORKNEY,KIRKWALL AND ST OLA,HY 423 137,http://canmore.org.uk/site/134216
141720,HY40NW 17,Crantit,"Chambered Cairn (Neolithic), Cist(S) (Period Unassigned)",344000,1009800,ORKNEY ISLANDS,ORKNEY,KIRKWALL AND ST OLA,HY 440 098,http://canmore.org.uk/site/141720
157902,HY40NE 37,Wideford,Pillbox (20th Century),346460,1008240,ORKNEY ISLANDS,ORKNEY,KIRKWALL AND ST OLA,HY 4646 0824,http://canmore.org.uk/site/157902
2475,HY41SE 5,"Kirkwall, Cromwell's Fort","Artillery Fortification (17th Century), Fortification (17th Century)",345240,1011580,ORKNEY ISLANDS,ORKNEY,KIRKWALL AND ST OLA,HY 4524 1158,http://canmore.org.uk/site/2475
182654,HY40NW 21,Borrowstonehill,Farmstead (Period Unassigned),344700,1007760,ORKNEY ISLANDS,ORKNEY,KIRKWALL AND ST OLA,HY 4470 0776,http://canmore.org.uk/site/182654
182655,HY40NW 22,Cannigall,Farmstead (Period Unassigned),344400,1007540,ORKNEY ISLANDS,ORKNEY,KIRKWALL AND ST OLA,HY 4440 0754,http://canmore.org.uk/site/182655
182656,HY40NW 23,Fea,Building (Period Unassigned),344770,1008270,ORKNEY ISLANDS,ORKNEY,KIRKWALL AND ST OLA,HY 4477 0827,http://canmore.org.uk/site/182656
182657,HY40NW 24,Scapa Distillery,Building(S) (Period Unassigned),343480,1008790,ORKNEY ISLANDS,ORKNEY,KIRKWALL AND ST OLA,HY 4348 0879,http://canmore.org.uk/site/182657
182658,HY40NW 25,Foveran,Structure (Period Unassigned),342120,1007900,ORKNEY ISLANDS,ORKNEY,KIRKWALL AND ST OLA,HY 4212 0790,http://canmore.org.uk/site/182658
182659,HY40NW 26,Calderhead,Structure (Period Unassigned),341190,1007980,ORKNEY ISLANDS,ORKNEY,KIRKWALL AND ST OLA,HY 4119 0798,http://canmore.org.uk/site/182659
182660,HY40NW 27,Windbreck,Building (Period Unassigned),341140,1009480,ORKNEY ISLANDS,ORKNEY,KIRKWALL AND ST OLA,HY 4114 0948,http://canmore.org.uk/site/182660
182661,HY40NW 28,St Olaf's Cemetery,Building (Period Unassigned),343430,1009910,ORKNEY ISLANDS,ORKNEY,KIRKWALL AND ST OLA,HY 4343 0991,http://canmore.org.uk/site/182661
182662,HY41SE 77,"Kirkwall, Voresheed",Building (Period Unassigned),346180,1011020,ORKNEY ISLANDS,ORKNEY,KIRKWALL AND ST OLA,HY 4618 1102,http://canmore.org.uk/site/182662
182663,HY41SE 78,Head Of Holland,Building (Period Unassigned)(Possible),348700,1011590,ORKNEY ISLANDS,ORKNEY,KIRKWALL AND ST OLA,HY 4870 1159,http://canmore.org.uk/site/182663
182664,HY41SE 79,"Kirkwall, Hillsview",Structure (Period Unassigned),345820,1010970,ORKNEY ISLANDS,ORKNEY,KIRKWALL AND ST OLA,HY 4582 1097,http://canmore.org.uk/site/182664
182822,HY41SE 80,Carness,"Farmstead (Period Unassigned), Stone Quarry (Period Unassigned)",346340,1013900,ORKNEY ISLANDS,ORKNEY,KIRKWALL AND ST OLA,HY 4634 1390,http://canmore.org.uk/site/182822
182823,HY41SE 81,Quoyberstane,Farmstead (Period Unassigned),346370,1012070,ORKNEY ISLANDS,ORKNEY,KIRKWALL AND ST OLA,HY 4637 1207,http://canmore.org.uk/site/182823
182824,HY41SE 82,Blackhall,Building (Period Unassigned)(Possible),346680,1012810,ORKNEY ISLANDS,ORKNEY,KIRKWALL AND ST OLA,HY 4668 1281,http://canmore.org.uk/site/182824
182829,HY41SW 171,Crossiecrown,Structure (Period Unassigned),342790,1013330,ORKNEY ISLANDS,ORKNEY,KIRKWALL AND ST OLA,HY 4279 1333,http://canmore.org.uk/site/182829
269276,HY40NE 42,Glenorkney,Military Camp (20th Century),345095,1007634,ORKNEY ISLANDS,ORKNEY,KIRKWALL AND ST OLA,HY 45095 07634,http://canmore.org.uk/site/269276
269257,HY40NE 411,"Kirkwall, Inganess Road",Military Camp(S) (20th Century),345400,1009950,ORKNEY ISLANDS,ORKNEY,KIRKWALL AND ST OLA,HY 4540 0995,http://canmore.org.uk/site/269257
269117,HY41SW 278,Quanterness,Flake (Flint),341085,1012864,ORKNEY ISLANDS,ORKNEY,KIRKWALL AND ST OLA,HY 41085 12864,http://canmore.org.uk/site/269117
273202,HY40NW 33,New Scapa Road,Mound(S) (Period Unassigned)(Possible),344700,1009000,ORKNEY ISLANDS,ORKNEY,KIRKWALL AND ST OLA,HY 447 090,http://canmore.org.uk/site/273202
269582,HY41SE 167,Seatter,"Pillbox (20th Century), Road Block (20th Century)(Possible)",346893,1011414,ORKNEY ISLANDS,ORKNEY,KIRKWALL AND ST OLA,HY 46893 11414,http://canmore.org.uk/site/269582
283774,HY41SE 170,Cancelled,No Class,,,ORKNEY ISLANDS,ORKNEY,KIRKWALL AND ST OLA,HY  ,http://canmore.org.uk/site/283774
282772,HY41SW 279,Ramberry,"Funerary Site (Prehistoric), House (Period Unassigned)",342400,1013830,ORKNEY ISLANDS,ORKNEY,KIRKWALL AND ST OLA,HY 4240 1383,http://canmore.org.uk/site/282772
293581,HY41SW 281,"Kirkwall, Muddisdale",No Class (Event),343500,1011000,ORKNEY ISLANDS,ORKNEY,KIRKWALL AND ST OLA,HY 435 110,http://canmore.org.uk/site/293581
296148,HY41SW 283,Quanterness,Human Remains(S) (Period Unassigned),341800,1013000,ORKNEY ISLANDS,ORKNEY,KIRKWALL AND ST OLA,HY 418 130,http://canmore.org.uk/site/296148
306785,HY41SW 290,Wideford Hill,Enclosure(S) (Period Unassigned),342160,1011910,ORKNEY ISLANDS,ORKNEY,KIRKWALL AND ST OLA,HY 4216 1191,http://canmore.org.uk/site/306785
306017,HY41SE 172,Head Of Work,Waterworks (Period Unassigned),347500,1013800,ORKNEY ISLANDS,ORKNEY,KIRKWALL AND ST OLA,HY 475 138,http://canmore.org.uk/site/306017
306645,HY41SW 289,Hatson,Settlement (Prehistoric),343600,1012800,ORKNEY ISLANDS,ORKNEY,KIRKWALL AND ST OLA,HY 4360 1280,http://canmore.org.uk/site/306645
305584,HY40NW 34,Lower Scapa,Coastal Defence Site (20th Century),343612,1008800,ORKNEY ISLANDS,ORKNEY,KIRKWALL AND ST OLA,HY 43612 08800,http://canmore.org.uk/site/305584
305588,HY41SW 288,Wideford Hill,Cist (Period Unassigned),342178,1011289,ORKNEY ISLANDS,ORKNEY,KIRKWALL AND ST OLA,HY 42178 11289,http://canmore.org.uk/site/305588
307376,HY41SE 175,Bay Of Meil,Fish Farm (20th Century),348450,1012350,ORKNEY ISLANDS,ORKNEY,KIRKWALL AND ST OLA,HY 4845 1235,http://canmore.org.uk/site/307376
311262,HY41SW 298,Hatston Slip,Handaxe (Flint)(Palaeolithic),344416,1011843,ORKNEY ISLANDS,ORKNEY,KIRKWALL AND ST OLA,HY 44416 11843,http://canmore.org.uk/site/311262
307051,HY41SW 292,Caldale,Field Boundary(S) (Period Unassigned)(Possible),340953,1010648,ORKNEY ISLANDS,ORKNEY,KIRKWALL AND ST OLA,HY 40953 10648,http://canmore.org.uk/site/307051
307064,HY41SE 174,Carness,Barrow Cemetery (Prehistoric),346436,1014213,ORKNEY ISLANDS,ORKNEY,KIRKWALL AND ST OLA,HY 46436 14213,http://canmore.org.uk/site/307064
307023,HY41SW 291,"Kirkwall, Broad Street","Broch (Iron Age)(Possible), Midden (Period Unassigned), Settlement (Period Unassigned)",344868,1010841,ORKNEY ISLANDS,ORKNEY,KIRKWALL AND ST OLA,HY 44868 10841,http://canmore.org.uk/site/307023
310798,HY40NW 35,Gaitnip,Rectilinear Enclosure (Period Unassigned),344921,1006639,ORKNEY ISLANDS,ORKNEY,KIRKWALL AND ST OLA,HY 44921 06639,http://canmore.org.uk/site/310798
314630,HY41SE 176,Head Of Holland,Archaeological Feature (Period Unassigned),347950,1011600,ORKNEY ISLANDS,ORKNEY,KIRKWALL AND ST OLA,HY 4795 1160,http://canmore.org.uk/site/314630
331423,HY41SE 177,Carness Battery,No Class (Event),346670,1014500,ORKNEY ISLANDS,ORKNEY,KIRKWALL AND ST OLA,HY 46670 14500,http://canmore.org.uk/site/331423
331531,HY40NW 36,Tofts,Enclosure (Period Unassigned)(Possible),343830,1009520,ORKNEY ISLANDS,ORKNEY,KIRKWALL AND ST OLA,HY 4383 0952,http://canmore.org.uk/site/331531
345288,HY41SW 302,Sunnyside,Field Boundary (Period Unassigned),342160,1010810,ORKNEY ISLANDS,ORKNEY,KIRKWALL AND ST OLA,HY 4216 1081,http://canmore.org.uk/site/345288
340623,HY23SE 2,Inyama Hellia,Quarry (20th Century),329900,1030030,ORKNEY ISLANDS,ORKNEY,KIRKWALL AND ST OLA,HY 2990 3003,http://canmore.org.uk/site/340623
363387,HY41SW 321,"Kirkwall, Ayre Road, Grainbank",Culvert (19-20th Century),343862,1011519,ORKNEY ISLANDS,ORKNEY,KIRKWALL AND ST OLA,HY 43862 11519,http://canmore.org.uk/site/363387
354968,HY41SW 311,Saverock,Artefact Scatter,343193,1011896,ORKNEY ISLANDS,ORKNEY,KIRKWALL AND ST OLA,HY 43193 11896,http://canmore.org.uk/site/354968
362938,HY41SE 182,"Kirkwall, School Place",Rubbish Pit (Post Medieval),345037,1010906,ORKNEY ISLANDS,ORKNEY,KIRKWALL AND ST OLA,HY 45037 10906,http://canmore.org.uk/site/362938
361346,HY41SW 318,"Kirkwall, Albert Street, The Big Tree",Tree (Period Unknown),344938,1010995,ORKNEY ISLANDS,ORKNEY,KIRKWALL AND ST OLA,HY 44938 10995,http://canmore.org.uk/site/361346
362930,HY41SW 319,"Kirkwall, Watergate",Cobbled Road (17th Century),344935,1010812,ORKNEY ISLANDS,ORKNEY,KIRKWALL AND ST OLA,HY 44935 10812,http://canmore.org.uk/site/362930
362931,HY41SW 320,"Kirkwall, Watergate",Culvert (Post Medieval),344935,1010721,ORKNEY ISLANDS,ORKNEY,KIRKWALL AND ST OLA,HY 44935 10721,http://canmore.org.uk/site/362931
362932,HY41SE 181,"Kirkwall, School Place",Wall (Post Medieval),345119,1010794,ORKNEY ISLANDS,ORKNEY,KIRKWALL AND ST OLA,HY 45119 10794,http://canmore.org.uk/site/362932
351738,HY41SW 308,"Kirkwall, Grainbank",Rig And Furrow (Medieval),343841,1011221,ORKNEY ISLANDS,ORKNEY,KIRKWALL AND ST OLA,HY 43841 11221,http://canmore.org.uk/site/351738
351739,HY41SW 309,New Scapa Road,"Boundary Ditch(S) (Post Medieval), Buried Land Surface (Period Unassigned)(Possible), Field Drain(S) (Post Medieval), Settlement (Neolithic)",344566,1010048,ORKNEY ISLANDS,ORKNEY,KIRKWALL AND ST OLA,HY 44566 10048,http://canmore.org.uk/site/351739
352794,HY41SE 179,Bay Of Berstane,Pier,347183,1010621,ORKNEY ISLANDS,ORKNEY,KIRKWALL AND ST OLA,HY 47183 10621,http://canmore.org.uk/site/352794
352841,HY41SW 310,Smerquoy,Settlement (Neolithic),340390,1011400,ORKNEY ISLANDS,ORKNEY,KIRKWALL AND ST OLA,HY 4039 1140,http://canmore.org.uk/site/352841
361352,HY41SW 317,"Kirkwall, Peedie Sea","Boating Lake (20th Century), Lake (Period Unknown)",344553,1011046,ORKNEY ISLANDS,ORKNEY,KIRKWALL AND ST OLA,HY 44553 11046,http://canmore.org.uk/site/361352
